date,killed_in_lebanon,palestine_children_tfp,palestine_adults_tfp,israel_children,israel_adults,palestine_total,palestine_children_adj,palestine_contested,palestine_adults_adj
2023-10-07,0,0,232,,,232,71.90892150011646,-71.90892150011646,232
2023-10-08,0,78,292,,,370,114.68233170277195,-36.68233170277195,292
2023-10-09,6,91,469,,,560,173.57325879338458,-82.57325879338458,469
2023-10-10,6,260,640,24,1245,900,278.95702306079664,-18.957023060796644,640
2023-10-11,6,398,702,24,1245,1100,340.94747262986255,57.052527370137454,702
2023-10-12,6,500,917,24,1245,1417,439.20233519683205,60.79766480316795,917
2023-10-13,7,500,1400,24,1245,1900,588.9092709061263,-88.90927090612627,1400
2023-10-14,11,600,1628,24,1245,2228,690.5736081993944,-90.57360819939436,1628
2023-10-15,11,700,1970,24,1245,2670,827.5725017470301,-127.57250174703006,1970
2023-10-16,11,853,1955,24,1245,2808,870.3459119496855,-17.3459119496855,1955
2023-10-17,25,940,2060,24,1245,3000,929.8567435359888,10.143256464011188,2060
2023-10-18,27,1000,2478,24,1245,3478,1078.0139180060564,-78.01391800605643,2478
2023-10-19,28,1524,2261,24,1245,3785,1173.1692580945726,350.83074190542743,2261
2023-10-20,28,1756,2381,24,1245,4137,1282.2724493361286,473.7275506638714,2381
2023-10-21,29,1756,2629,24,1245,4385,1359.1406068017702,396.8593931982298,2629
2023-10-22,35,1873,2778,24,1245,4651,1441.587904728628,431.412095271372,2778
2023-10-23,40,2055,3032,24,1245,5087,1576.7270847891916,478.2729152108084,3032
2023-10-24,49,2360,3431,24,1245,5791,1794.9334672723037,565.0665327276963,3431
2023-10-25,54,2704,3843,24,1245,6547,2029.257366643373,674.742633356627,3843
2023-10-26,55,3038,3990,24,1245,7028,2178.3443978569762,859.6556021430238,3990.0000000000005
2023-10-27,55,3038,4288,24,1245,7326,2270.710167714885,767.2898322851152,4288
2023-10-28,55,3168,4535,24,1245,7703,2387.562165152574,780.4378348474261,4535
2023-10-29,57,3324,4681,24,1245,8005,2481.1677440018634,842.8322559981366,4681
2023-10-30,58,3457,4852,24,1245,8309,2575.3932273468436,881.6067726531564,4852
2023-10-31,59,3542,4983,24,1248,8525,2642.342912881435,899.657087118565,4983
2023-11-01,59,3650,5155,24,1260,8805,2729.1295422781272,920.8704577218728,5155
2023-11-02,72,3760,5301,24,1262,9061,2808.4773177265315,951.5226822734685,5301
2023-11-03,74,3826,5431,24,1269,9257,2869.227958304216,956.7720416957841,5431
2023-11-04,75,3900,5585,24,1273,9485,2939.8970708129514,960.1029291870486,5585
2023-11-05,82,4008,5762,24,1274,9770,3028.23346144887,979.76653855113,5762
2023-11-06,84,4108,5914,24,1275,10022,3106.3414279058934,1001.6585720941066,5914
2023-11-07,84,4237,6091,24,1275,10328,3201.186815746564,1035.8131842534358,6091
2023-11-08,84,4324,6245,24,1278,10569,3275.8853074772887,1048.1146925227113,6245
2023-11-09,84,4412,6406,24,1280,10818,3353.0634171907755,1058.9365828092245,6406
2023-11-10,84,4506,6572,24,1287,11078,3433.6510016305615,1072.3489983694385,6572
2023-11-11,87,4540,6589,24,1292,11129,3449.458566270673,1090.5414337293269,6589
2023-11-12,89,4609,6571,24,1292,11180,3465.266130910785,1143.7338690892152,6571
2023-11-13,92,4630,6610,24,1294,11240,3483.8632657815047,1146.1367342184953,6610
2023-11-14,92,4650,6670,24,1296,11320,3508.659445609131,1141.3405543908689,6670
2023-11-15,92,4710,6790,24,1298,11500,3564.4508502212902,1145.5491497787098,6790
2023-11-16,94,5000,7000,24,1301,12000,3719.4269741439552,1280.5730258560448,7000
2023-11-17,94,5000,7000,24,1301,12000,3719.4269741439552,1280.5730258560448,7000
2023-11-18,94,5000,7300,24,1307,12300,3812.412648497554,1187.587351502446,7300.000000000001
2023-11-19,94,5500,7500,24,1314,13000,4029.379221989285,1470.6207780107152,7499.999999999999
2023-11-20,97,5600,7700,24,1316,13300,4122.364896342884,1477.635103657116,7700
2023-11-21,106,5840,8288,24,1318,14128,4379.005357558816,1460.9946424411837,8288
2023-11-22,112,6000,8532,24,1320,14532,4504.22606568833,1495.77393431167,8532
2023-11-23,115,6150,8650,24,1320,14800,4587.293268110878,1562.7067318891222,8650
2023-11-24,115,6150,8650,24,1320,14800,4587.293268110878,1562.7067318891222,8650
2023-11-25,115,6150,8650,24,1320,14800,4587.293268110878,1562.7067318891222,8650
2023-11-26,115,6150,8650,24,1320,14800,4587.293268110878,1562.7067318891222,8650
2023-11-27,,6150,8650,24,1320,14800,4587.293268110878,1562.7067318891222,8650
2023-11-28,115,6150,8650,24,1320,14800,4587.293268110878,1562.7067318891222,8650
2023-11-29,115,6150,8650,24,1320,14800,4587.293268110878,1562.7067318891222,8650
2023-11-30,115,6150,8650,24,1320,14800,4587.293268110878,1562.7067318891222,8650
2023-12-01,118,6150,8650,24,1320,14800,4587.293268110878,1562.7067318891222,8650
2023-12-02,119,6387,8820,24,1320,15207,4713.443832983927,1673.5561670160732,8820
2023-12-03,119,6600,8923,24,1322,15523,4811.388743303051,1788.6112566969487,8923
2023-12-04,119,6800,9099,24,1325,15899,4927.930788492895,1872.0692115071051,9099
2023-12-05,121,7112,9136,24,1330,16248,5036.104122990915,2075.895877009085,9136
2023-12-06,122,7550,9277,24,1333,16827,5215.566474493361,2334.433525506639,9277
2023-12-07,128,7729,9448,24,1338,17177,5324.049761239226,2404.9502387607736,9448
2023-12-08,128,7729,9758,24,1342,17487,5420.134958071279,2308.8650419287214,9758
2023-12-09,129,7870,9830,24,1346,17700,5486.154786862334,2383.845213137666,9830
2023-12-10,129,7875,10122,24,1343,17997,5578.210604472397,2296.789395527603,10122
2023-12-11,132,7900,10305,24,1349,18205,5642.680672024226,2257.3193279757743,10305
2023-12-12,133,8000,10412,24,1350,18412,5706.8407873282085,2293.1592126717915,10412
2023-12-13,135,8000,10608,24,1360,18608,5767.591427905893,2232.4085720941066,10608
2023-12-14,137,8000,10787,24,1360,18787,5823.072880270207,2176.927119729793,10787
2023-12-14,137,8000,10787,24,1361,18787,5823.072880270207,2176.927119729793,10787
2023-12-15,141,8000,10800,24,1364,18800,5827.102259492196,2172.897740507804,10800
2023-12-16,141,8000,11017,24,1364,19017,5894.361897274633,2105.6381027253674,11017
2023-12-17,144,8000,11235,24,1364,19235,5961.931487304915,2038.0685126950848,11235
2023-12-18,144,8000,11453,24,1374,19453,6029.501077335197,1970.498922664803,11453
2023-12-19,149,8000,11667,24,1377,19667,6095.830858374097,1904.1691416259027,11667
2023-12-20,153,8000,11797,24,1379,19797,6136.12465059399,1863.8753494060102,11797
2023-12-21,155,8000,11927,24,1383,19927,6176.418442813883,1823.5815571861167,11927
2023-12-22,157,8000,12057,24,1385,20057,6216.712235033776,1783.2877649662241,12057
2023-12-23,160,8200,12058,24,1385,20258,6279.012636850687,1920.9873631493128,12058
2023-12-24,161,8200,12224,24,1385,20424,6330.464709993012,1869.5352900069884,12224
2023-12-25,162,8500,12174,24,1385,20674,6407.952771954344,2092.047228045656,12174
2023-12-26,167,8500,12415,24,1407,20915,6482.651263685068,2017.3487363149316,12415
2023-12-27,167,8800,12310,24,1407,21110,6543.091952014908,2256.908047985092,12310
2023-12-28,167,8800,12520,24,1410,21320,6608.181924062427,2191.8180759375728,12520
2023-12-29,169,8800,12707,24,1411,21507,6666.142994409503,2133.8570055904966,12707
2023-12-30,170,9000,12672,24,1413,21672,6717.285115303983,2282.714884696017,12672
2023-12-31,170,9100,12722,24,1413,21822,6763.777952480783,2336.222047519217,12722
2024-01-01,174,9280,12698,24,1413,21978,6812.130503144654,2467.8694968553464,12698
2024-01-02,181,9280,12905,24,1416,22185,6876.290618448637,2403.7093815513626,12905
2024-01-03,190,9400,12913,24,1418,22313,6915.96450617284,2484.0354938271603,12913
2024-01-04,190,9730,12708,24,1418,22438,6954.708537153506,2775.291462846494,12708
2024-01-04,190,9730,12708,24,1418,22438,6954.708537153506,2775.291462846494,12708
2024-01-05,190,9730,12870,24,1418,22600,7004.920801304449,2725.079198695551,12870
2024-01-06,196,10000,12722,24,1418,22722,7042.734975541579,2957.265024458421,12722
2024-01-07,196,10000,12835,24,1419,22835,7077.759579548101,2922.240420451899,12835
2024-01-08,197,10000,13084,24,1419,23084,7154.937689261588,2845.0623107384117,13084
2024-01-09,201,10000,13210,24,1428,23210,7193.9916724901,2806.0083275098996,13210
2024-01-10,203,10000,13357,24,1429,23357,7239.554652923363,2760.4453470766366,13357
2024-01-11,205,10300,13169,24,1429,23469,7274.2693046820405,3025.7306953179595,13169
2024-01-12,205,10300,13408,24,1429,23708,7348.347891917074,2951.652108082926,13408
2024-01-13,205,10400,13443,24,1429,23843,7390.191445376194,3009.8085546238062,13443
2024-01-14,205,10600,13368,24,1431,23968,7428.93547635686,3171.06452364314,13368
2024-01-15,205,10600,13500,24,1431,24100,7469.849173072444,3130.1508269275564,13500.000000000002
2024-01-16,205,10600,13685,24,1433,24285,7527.19033892383,3072.8096610761704,13685
2024-01-17,207,10600,13848,24,1436,24448,7577.712555322618,3022.287444677382,13848
2024-01-18,207,10800,13820,24,1436,24620,7631.024341952015,3168.9756580479852,13820
2024-01-19,207,10800,13962,24,1436,24762,7675.037561146051,3124.9624388539487,13962
2024-01-20,209,10800,14127,24,1436,24927,7726.179682040531,3073.8203179594693,14127.000000000002
2024-01-21,212,10800,14305,24,1438,25105,7781.351182156999,3018.648817843001,14305
2024-01-22,216,11000,14295,24,1441,25295,7840.2421092476125,3159.7578907523875,14294.999999999998
2024-01-23,217,11000,14490,24,1462,25490,7900.682797577451,3099.3172024225487,14490
2024-01-24,217,11000,14700,24,1462,25700,7965.77276962497,3034.2272303750296,14700
2024-01-25,217,11000,14900,24,1462,25900,8027.7632191940365,2972.2367808059635,14900
2024-01-26,225,11000,15083,24,1463,26083,8084.484480549732,2915.5155194502677,15082.999999999998
2024-01-27,225,11000,15257,24,1463,26257,8138.416171674819,2861.5838283251805,15257
2024-01-28,231,11000,15422,24,1463,26422,8189.558292569299,2810.441707430701,15422
2024-01-29,233,11000,15637,24,1463,26637,8256.198025856045,2743.801974143955,15637.000000000002
2024-01-30,233,11500,15251,24,1463,26751,8291.532582110412,3208.4674178895875,15251
2024-01-31,235,11500,15400,24,1467,26900,8337.715467039367,3162.2845329606334,15400.000000000002
2024-02-01,235,11500,15519,24,1467,27019,8374.59978453296,3125.4002154670397,15518.999999999998
2024-02-02,237,11500,15631,24,1467,27131,8409.314436291637,3090.6855637083627,15631.000000000002
2024-02-03,237,12000,15238,24,1467,27238,8442.479326811088,3557.520673188912,15238
2024-02-04,239,12000,15365,24,1468,27365,8481.843262287444,3518.1567377125557,15364.999999999998
2024-02-05,243,12000,15478,24,1468,27478,8516.867866293967,3483.1321337060326,15478
2024-02-06,243,12000,15585,24,1469,27585,8550.032756813416,3449.967243186584,15585
2024-02-07,246,12000,15708,24,1470,27708,8588.156883298392,3411.843116701608,15708.000000000002
2024-02-08,247,12150,15690,24,1470,27840,8629.070580013977,3520.9294199860233,15690
2024-02-09,249,12150,15797,24,1470,27947,8662.235470533426,3487.7645294665745,15797
2024-02-10,254,12150,15914,24,1470,28064,8698.499883531329,3451.500116468671,15913.999999999998
2024-02-11,256,12300,15876,24,1470,28176,8733.214535290006,3566.785464709994,15876.000000000002
2024-02-12,266,12300,16040,24,1472,28340,8784.046703936641,3515.9532960633587,16040
2024-02-13,268,12300,16173,24,1475,28473,8825.27035290007,3474.72964709993,16172.999999999998
2024-02-14,286,12300,16276,24,1475,28576,8857.195434428138,3442.8045655718615,16275.999999999998
2024-02-15,293,12300,16363,24,1475,28663,8884.161279990682,3415.8387200093184,16363.000000000002
2024-02-16,299,12660,16115,24,1477,28775,8918.875931749359,3741.1240682506414,16114.999999999998
2024-02-17,299,12660,16198,24,1477,28858,8944.601968320521,3715.3980316794787,16197.999999999998
2024-02-18,299,12660,16325,24,1477,28985,8983.965903796878,3676.0340962031223,16325
2024-02-19,299,12660,16432,24,1478,29092,9017.130794316328,3642.8692056836717,16432
2024-02-20,299,12660,16535,24,1479,29195,9049.055875844397,3610.9441241556033,16535
2024-02-21,301,12660,16653,24,1480,29313,9085.630241090146,3574.3697589098538,16653
2024-02-22,307,12660,16750,24,1480,29410,9115.695609131144,3544.304390868856,16750
2024-02-23,309,13000,16514,24,1480,29514,9147.930642907058,3852.0693570929416,16514
2024-02-24,309,13000,16606,24,1480,29606,9176.446249708828,3823.553750291172,16606
2024-02-25,309,13000,16692,24,1480,29692,9203.102143023527,3796.897856976473,16692
2024-02-26,318,13000,16782,24,1483,29782,9230.997845329606,3769.002154670394,16782
2024-02-27,318,13000,16878,24,1483,29878,9260.753261122758,3739.246738877242,16878
2024-02-28,320,13000,16954,24,1485,29954,9284.309631959002,3715.690368040998,16954
2024-02-29,323,13230,16805,24,1485,30035,9309.415764034475,3920.5842359655253,16805
2024-03-01,328,13230,16998,24,1485,30228,9369.236547868622,3860.7634521313776,16998
2024-03-02,334,13230,17090,24,1485,30320,9397.752154670394,3832.247845329606,17090
2024-03-03,334,13230,17180,24,1485,30410,9425.647856976473,3804.352143023527,17180
2024-03-04,338,13430,17104,24,1489,30534,9464.081935709293,3965.9180642907068,17104
2024-03-05,342,13430,17201,24,1489,30631,9494.147303750291,3935.852696249709,17201
2024-03-06,344,13430,17287,24,1489,30717,9520.80319706499,3909.19680293501,17287
2024-03-07,345,13430,17370,24,1490,30800,9546.52923363615,3883.470766363849,17370
2024-03-08,348,13430,17448,24,1495,30878,9570.705508968087,3859.294491031913,17448
2024-03-09,353,13500,17460,24,1495,30960,9596.121593291404,3903.8784067085962,17460
2024-03-10,362,13500,17545,24,1495,31045,9622.467534358257,3877.5324656417433,17545
2024-03-11,364,13500,17612,24,1495,31112,9643.234334963894,3856.765665036106,17612
2024-03-12,366,13500,17684,24,1495,31184,9665.550896808758,3834.449103191242,17684
2024-03-13,367,13500,17772,24,1495,31272,9692.826694619147,3807.173305380853,17772
2024-03-14,367,13790,17551,24,1495,31341,9714.213399720475,4075.7866002795254,17551
2024-03-15,367,13790,17700,24,1495,31490,9760.396284649429,4029.6037153505713,17700
2024-03-16,367,13790,17763,24,1495,31553,9779.923276263686,4010.0767237363143,17763
2024-03-17,367,13790,17855,24,1495,31645,9808.438883065455,3981.5611169345448,17855
2024-03-18,367,13790,17936,24,1495,31726,9833.545015140928,3956.4549848590723,17936
2024-03-19,367,14000,17819,24,1495,31819,9862.370574190543,4137.629425809457,17819
2024-03-20,368,14000,17923,24,1495,31923,9894.605607966456,4105.394392033544,17923
2024-03-21,368,14000,17988,24,1495,31988,9914.752504076403,4085.247495923597,17988
2024-03-22,368,14000,18070,24,1495,32070,9940.16858839972,4059.8314116002803,18070
2024-03-23,369,14000,18142,24,1495,32142,9962.485150244584,4037.5148497554164,18142
2024-03-24,372,14280,17946,24,1495,32226,9988.521139063592,4291.478860936408,17946
2024-03-25,374,14280,18053,24,1496,32333,10021.686029583041,4258.313970416959,18053
2024-03-26,383,14280,18134,24,1496,32414,10046.792161658514,4233.207838341486,18134
2024-03-27,400,14280,18210,24,1496,32490,10070.348532494758,4209.651467505242,18210
2024-03-28,400,14280,18272,24,1496,32552,10089.565571861169,4190.434428138831,18272
2024-03-29,407,14350,18273,24,1497,32623,10111.572181458187,4238.427818541813,18273
2024-03-30,407,14350,18355,24,1497,32705,10136.988265781505,4213.011734218495,18355
2024-03-31,408,14350,18432,24,1497,32782,10160.854588865595,4189.145411134405,18432
2024-04-01,408,14350,18495,24,1497,32845,10180.38158047985,4169.6184195201495,18495
2024-04-02,408,14350,18566,24,1497,32916,10202.388190076868,4147.611809923132,18566
2024-04-03,410,14500,18475,24,1500,32975,10220.675372699743,4279.324627300257,18475
2024-04-04,410,14500,18537,24,1500,33037,10239.892412066154,4260.107587933846,18537
2024-04-05,417,14500,18591,24,1500,33091,10256.629833449802,4243.370166550198,18591
2024-04-06,418,14500,18637,24,1500,33137,10270.887636850686,4229.112363149314,18637
2024-04-07,419,14500,18675,24,1500,33175,10282.66582226881,4217.334177731191,18675
2024-04-08,422,14520,18687,24,1504,33207,10292.58429419986,4227.41570580014,18687
2024-04-09,422,14520,18840,24,1504,33360,10340.006988120196,4179.993011879804,18840
2024-04-10,423,14520,18962,24,1504,33482,10377.821162357326,4142.178837642674,18962
2024-04-11,423,14520,19025,24,1504,33545,10397.348153971581,4122.651846028419,19025
2024-04-12,423,14520,19114,24,1504,33634,10424.933904029816,4095.0660959701836,19114
2024-04-13,423,14560,19126,24,1504,33686,10441.051420917773,4118.948579082227,19126
2024-04-14,425,14560,19169,24,1504,33729,10454.379367575122,4105.620632424878,19169
2024-04-15,425,14560,19237,24,1504,33797,10475.456120428604,4084.5438795713962,19237
2024-04-16,429,14560,19283,24,1504,33843,10489.71392382949,4070.2860761705106,19283
2024-04-17,429,14560,19339,24,1504,33899,10507.071249708828,4052.928750291172,19339
2024-04-18,433,14685,19285,24,1504,33970,10529.077859305846,4155.922140694154,19285
2024-04-19,434,14685,19327,24,1504,34012,10542.095853715351,4142.904146284649,19327
2024-04-20,437,14685,19364,24,1504,34049,10553.564086885628,4131.435913114372,19364
2024-04-21,438,14685,19412,24,1504,34097,10568.441794782204,4116.558205217796,19412
2024-04-22,438,14685,19466,24,1504,34151,10585.17921616585,4099.82078383415,19466
2024-04-23,442,14778,19405,24,1504,34183,10595.097688096901,4182.902311903099,19405
2024-04-24,442,14778,19484,24,1505,34262,10619.583915676683,4158.416084323317,19484
2024-04-25,442,14778,19527,24,1505,34305,10632.911862334031,4145.088137665969,19527
2024-04-26,446,14778,19578,24,1505,34356,10648.719426974143,4129.280573025857,19578
2024-04-27,447,14778,19610,24,1505,34388,10658.637898905194,4119.362101094806,19610
2024-04-28,447,14873,19581,24,1505,34454,10679.094747262987,4193.905252737013,19581
2024-04-29,447,14873,19615,24,1505,34488,10689.633123689728,4183.366876310272,19615
2024-04-30,447,14873,19662,24,1505,34535,10704.200879338458,4168.7991206615425,19662
2024-05-01,448,14873,19695,24,1507,34568,10714.429303517354,4158.570696482646,19695
2024-05-02,448,14873,19723,24,1507,34596,10723.107966457022,4149.8920335429775,19723
2024-05-03,448,14944,19678,24,1507,34622,10731.166724901,4212.833275098999,19678
2024-05-04,448,14944,19710,24,1507,34654,10741.085196832051,4202.914803167949,19710
2024-05-05,452,14944,19739,24,1507,34683,10750.073812019566,4193.926187980434,19739
2024-05-06,452,14944,19791,24,1511,34735,10766.191328907524,4177.808671092476,19791
2024-05-07,452,14944,19845,24,1511,34789,10782.928750291172,4161.071249708828,19845
2024-05-08,457,15002,19842,24,1511,34844,10799.976123922665,4202.023876077335,19842
2024-05-09,461,15002,19902,24,1511,34904,10818.573258793384,4183.4267412066165,19902
2024-05-10,466,15002,19941,24,1511,34943,10830.661396459353,4171.3386035406475,19941
2024-05-11,467,15002,19969,24,1511,34971,10839.34005939902,4162.659940600979,19969
2024-05-12,467,15002,20032,24,1511,35034,10858.867051013278,4143.132948986722,20032
2024-05-13,467,15103,19988,24,1517,35091,10876.53432914046,4226.465670859539,19988
2024-05-14,470,15103,20070,24,1517,35173,10901.950413463777,4201.049586536223,20070
2024-05-15,471,15103,20130,24,1518,35233,10920.547548334498,4182.452451665502,20130
2024-05-16,473,15103,20169,24,1518,35272,10932.635686000465,4170.364313999535,20169
2024-05-17,480,15103,20200,24,1524,35303,10942.244205683672,4160.755794316328,20200
2024-05-18,480,15162,20224,24,1524,35386,10967.970242254833,4194.029757745167,20224
2024-05-19,482,15162,20294,24,1524,35456,10989.666899604006,4172.333100395994,20294
2024-05-20,487,15162,20400,24,1527,35562,11022.52183787561,4139.478162124389,20400
2024-05-21,488,15162,20485,24,1527,35647,11048.867778942464,4113.132221057536,20485
2024-05-22,490,15162,20547,24,1527,35709,11068.084818308875,4093.9151816911253,20547
2024-05-23,491,15239,20561,24,1527,35800,11096.2904728628,4142.7095271372,20561
2024-05-24,493,15239,20618,24,1527,35857,11113.957750989983,4125.042249010017,20618
2024-05-25,495,15239,20664,24,1527,35903,11128.215554390868,4110.784445609132,20664
2024-05-26,503,15239,20745,24,1527,35984,11153.321686466341,4085.678313533659,20745
2024-05-27,507,15239,20811,24,1527,36050,11173.778534824132,4065.2214651758677,20811
2024-05-28,507,15328,20768,24,1527,36096,11188.036338225018,4139.963661774982,20768
2024-05-29,507,15328,20843,24,1535,36171,11211.282756813416,4116.717243186584,20843
2024-05-30,509,15328,20896,24,1535,36224,11227.710225949219,4100.2897740507815,20896
2024-05-31,512,15328,20956,24,1538,36284,11246.30736081994,4081.6926391800607,20956
2024-06-01,513,15328,21051,24,1538,36379,11275.752824365245,4052.247175634755,21051
2024-06-02,515,15348,21091,24,1538,36439,11294.349959235966,4053.650040764034,21091
2024-06-03,518,15348,21131,24,1538,36479,11306.748049149779,4041.251950850221,21131
2024-06-04,519,15348,21202,24,1538,36550,11328.754658746797,4019.245341253203,21202
2024-06-05,519,15348,21238,24,1538,36586,11339.912939669228,4008.087060330772,21238
2024-06-06,520,15348,21306,24,1538,36654,11360.989692522711,3987.0103074772887,21306
2024-06-07,520,15517,21214,24,1539,36731,11384.856015606802,4132.1439843931985,21214
2024-06-08,524,15517,21284,24,1539,36801,11406.552672955975,4110.447327044025,21284
2024-06-09,528,15517,21567,24,1539,37084,11494.269159096202,4022.730840903798,21567
2024-06-10,533,15517,21607,24,1540,37124,11506.667249010015,4010.3327509899846,21607
2024-06-11,538,15517,21647,24,1540,37164,11519.065338923829,3997.9346610761713,21647
2024-06-12,539,15694,21508,24,1540,37202,11530.843524341952,4163.156475658048,21508
2024-06-13,541,15694,21538,24,1540,37232,11540.142091777312,4153.857908222688,21538
2024-06-14,541,15694,21572,24,1544,37266,11550.680468204053,4143.319531795947,21572
2024-06-15,542,15694,21602,24,1544,37296,11559.979035639413,4134.020964360587,21602
2024-06-16,542,15694,21643,24,1544,37337,11572.68707780107,4121.312922198929,21643
2024-06-17,543,15747,21600,24,1544,37347,11575.786600279525,4171.213399720475,21600
2024-06-18,544,15747,21625,24,1544,37372,11583.535406475658,4163.4645935243425,21625
2024-06-19,548,15747,21649,24,1544,37396,11590.974260423945,4156.025739576055,21649
2024-06-20,550,15747,21684,24,1544,37431,11601.822589098532,4145.177410901468,21684
2024-06-21,550,15747,21703,24,1557,37450,11607.711681807594,4139.288318192406,21703
2024-06-22,552,15821,21730,24,1557,37551,11639.016858839972,4181.983141160028,21730
2024-06-23,552,15821,21777,24,1557,37598,11653.584614488702,4167.415385511298,21777
2024-06-24,552,15821,21805,24,1558,37626,11662.263277428372,4158.736722571628,21805
2024-06-24,552,15821,21805,24,1559,37626,11662.263277428372,4158.736722571628,21805
2024-06-25,552,15821,21837,24,1559,37658,11672.181749359423,4148.818250640577,21837
2024-06-26,552,15821,21897,24,1559,37718,11690.778884230142,4130.221115769858,21897
2024-06-27,558,15882,21883,24,1559,37765,11705.346639878871,4176.653360121129,21883
2024-06-28,560,15882,21912,24,1559,37794,11714.335255066388,4167.664744933612,21912
2024-06-29,561,15882,21952,24,1559,37834,11726.7333449802,4155.266655019799,21952
2024-06-30,564,15882,21995,24,1559,37877,11740.061291637548,4141.9387083624515,21995
2024-07-01,565,15882,22018,24,1562,37900,11747.190193337992,4134.809806662008,22018
2024-07-02,566,15919,22006,24,1562,37925,11754.938999534124,4164.061000465876,22006
2024-07-03,568,15919,22034,24,1562,37953,11763.617662473795,4155.382337526205,22034
2024-07-04,569,15919,22092,24,1562,38011,11781.594892848823,4137.405107151177,22092
2024-07-05,569,15919,22150,24,1568,38069,11799.572123223852,4119.427876776148,22150
2024-07-06,570,15919,22179,24,1568,38098,11808.560738411366,4110.439261588634,22179
2024-07-07,570,15983,22170,24,1568,38153,11825.60811204286,4157.391887957139,22170
2024-07-08,571,15983,22210,24,1569,38193,11838.006201956674,4144.993798043326,22210
2024-07-09,572,15983,22260,24,1569,38243,11853.50381434894,4129.49618565106,22260
2024-07-10,572,15983,22312,24,1569,38295,11869.621331236896,4113.378668763104,22312
2024-07-11,572,16054,22291,24,1569,38345,11885.118943629164,4168.881056370836,22291
2024-07-12,574,16054,22328,24,1571,38382,11896.587176799441,4157.412823200559,22328
2024-07-13,576,16054,22389,24,1571,38443,11915.494263918006,4138.505736081994,22389
2024-07-14,576,16054,22530,24,1571,38584,11959.197530864198,4094.8024691358023,22530
2024-07-15,579,16054,22610,24,1571,38664,11983.993710691824,4070.006289308176,22610
2024-07-16,582,16054,22659,24,1571,38713,11999.181370836244,4054.8186291637558,22659
2024-07-17,582,16172,22622,24,1571,38794,12024.287502911717,4147.712497088283,22622
2024-07-18,588,16172,22676,24,1571,38848,12041.024924295365,4130.975075704635,22676
2024-07-19,589,16172,22710,24,1571,38882,12051.563300722106,4120.436699277894,22710
2024-07-20,590,16172,22747,24,1571,38919,12063.031533892383,4108.968466107617,22747
2024-07-21,592,16172,22811,24,1571,38983,12082.868477754484,4089.131522245516,22811
2024-07-22,593,16251,22755,24,1571,39006,12089.997379454926,4161.002620545074,22755
2024-07-23,594,16251,22839,24,1571,39090,12116.033368273935,4134.966631726065,22839
2024-07-24,594,16251,22894,24,1571,39145,12133.080741905427,4117.919258094573,22894
2024-07-25,595,16251,22924,24,1571,39175,12142.379309340788,4108.620690659212,22924
2024-07-26,597,16251,22966,24,1573,39217,12155.397303750291,4095.602696249709,22966
2024-07-27,601,16251,23007,24,1573,39258,12168.105345911948,4082.8946540880515,23007
2024-07-28,601,16251,23073,24,1573,39324,12188.562194269742,4062.4378057302583,23073
2024-07-29,606,16251,23112,24,1574,39363,12200.650331935709,4050.349668064291,23112
2024-07-30,615,16251,23149,24,1574,39400,12212.118565105986,4038.881434894014,23149
2024-07-31,615,16251,23194,24,1574,39445,12226.066416259026,4024.9335837409744,23194
2024-08-01,619,16314,23166,24,1574,39480,12236.914744933612,4077.0852550663876,23166
2024-08-02,619,16314,23205,24,1574,39519,12249.00288259958,4064.9971174004204,23205
2024-08-03,622,16314,23236,24,1574,39550,12258.611402282786,4055.388597717214,23236
2024-08-04,624,16314,23269,24,1574,39583,12268.83982646168,4045.160173538319,23269
2024-08-05,628,16314,23309,24,1574,39623,12281.237916375494,4032.762083624506,23309
2024-08-06,634,16365,23288,24,1574,39653,12290.536483810854,4074.4635161891456,23288
2024-08-07,637,16365,23312,24,1574,39677,12297.975337759142,4067.0246622408577,23312
2024-08-08,637,16365,23334,24,1574,39699,12304.79428721174,4060.20571278826,23334
2024-08-09,641,16365,23385,24,1574,39750,12320.601851851852,4044.398148148148,23385
2024-08-10,641,16365,23425,24,1574,39790,12332.999941765665,4032.0000582343346,23425
2024-08-11,644,16365,23425,24,1574,39790,12332.999941765665,4032.0000582343346,23425
2024-08-12,644,16456,23441,24,1575,39897,12366.164832285114,4089.8351677148858,23441
2024-08-13,646,16456,23473,24,1575,39929,12376.083304216165,4079.916695783835,23473
2024-08-14,648,16456,23509,24,1575,39965,12387.241585138598,4068.7584148614023,23509
2024-08-15,650,16456,23549,24,1575,40005,12399.63967505241,4056.360324947589,23549
2024-08-16,651,16456,23549,24,1575,40005,12399.63967505241,4056.360324947589,23549
2024-08-17,662,16456,23618,24,1575,40074,12421.026380153739,4034.9736198462615,23618
2024-08-18,664,16456,23643,24,1575,40099,12428.775186349872,4027.2248136501275,23643
2024-08-19,667,16456,23683,24,1577,40139,12441.173276263684,4014.826723736316,23683
2024-08-20,671,16456,23717,24,1577,40173,12451.711652690426,4004.2883473095735,23717
2024-08-21,675,16456,23767,24,1577,40223,12467.209265082693,3988.7907349173074,23767
2024-08-22,675,16456,23809,24,1577,40265,12480.227259492196,3975.772740507804,23809
2024-08-23,685,16456,23809,24,1577,40265,12480.227259492196,3975.772740507804,23809
2024-08-24,685,16456,23878,24,1577,40334,12501.613964593524,3954.3860354064764,23878
2024-08-25,688,16456,23949,24,1577,40405,12523.620574190543,3932.3794258094567,23949
2024-08-26,688,16589,23846,24,1583,40435,12532.919141625902,4056.080858374098,23846
2024-08-27,688,16589,23887,24,1583,40476,12545.627183787561,4043.372816212439,23887
2024-08-28,688,16589,23945,24,1583,40534,12563.60441416259,4025.39558583741,23945
2024-08-29,688,16589,24013,24,1583,40602,12584.681167016073,4004.3188329839268,24013
2024-08-30,688,16589,24013,24,1584,40602,12584.681167016073,4004.3188329839268,24013
2024-08-31,688,16673,24018,24,1584,40691,12612.266917074307,4060.7330829256935,24018
2024-09-01,689,16673,24065,24,1584,40738,12626.834672723036,4046.1653272769636,24065
2024-09-02,691,16673,24113,24,1584,40786,12641.712380619612,4031.2876193803877,24113
2024-09-03,691,16673,24146,24,1584,40819,12651.940804798509,4021.059195201491,24146
2024-09-04,692,16673,24188,24,1584,40861,12664.958799208012,4008.0412007919876,24188
2024-09-05,693,16673,24205,24,1584,40878,12670.227987421384,4002.7720125786163,24205
2024-09-06,693,16673,24205,24,1585,40878,12670.227987421384,4002.7720125786163,24205
2024-09-07,696,16673,24266,24,1585,40939,12689.135074539949,3983.8649254600514,24266
2024-09-08,696,16673,24299,24,1585,40972,12699.363498718843,3973.6365012811566,24299
2024-09-09,696,16673,24315,24,1585,40988,12704.322734684369,3968.6772653156313,24315
2024-09-10,697,16756,24264,24,1585,41020,12714.24120661542,4041.7587933845807,24264
2024-09-11,701,16756,24328,24,1585,41084,12734.07815047752,4021.9218495224795,24328
2024-09-12,704,16756,24362,24,1585,41118,12744.616526904263,4011.383473095737,24362
2024-09-13,705,16756,24362,24,1587,41118,12744.616526904263,4011.383473095737,24362
2024-09-14,705,16756,24426,24,1587,41182,12764.453470766364,3991.5465292336357,24426
2024-09-15,705,16795,24411,24,1587,41206,12771.892324714652,4023.107675285348,24411
2024-09-16,706,16795,24431,24,1587,41226,12778.091369671558,4016.908630328442,24431
2024-09-17,719,16795,24457,24,1587,41252,12786.150128115536,4008.849871884464,24457
2024-09-18,752,16795,24477,24,1587,41272,12792.349173072444,4002.6508269275564,24477
2024-09-19,752,16795,24477,24,1587,41272,12792.349173072444,4002.6508269275564,24477
2024-09-20,799,16795,24477,24,1591,41272,12792.349173072444,4002.6508269275564,24477
2024-09-21,800,16795,24596,24,1591,41391,12829.233490566037,3965.7665094339627,24596
2024-09-22,805,16795,24636,24,1591,41431,12841.63158047985,3953.3684195201495,24636
2024-09-23,980,16795,24660,24,1591,41455,12849.070434428138,3945.9295655718615,24660
2024-09-24,1044,16795,24672,24,1591,41467,12852.789861402283,3942.2101385977167,24672
2024-09-25,1114,16859,24636,24,1591,41495,12861.468524341952,3997.5314756580483,24636
2024-09-26,1164,16859,24675,24,1591,41534,12873.556662007919,3985.443337992081,24675
2024-09-27,1217,16859,24675,24,1591,41534,12873.556662007919,3985.443337992081,24675
2024-09-28,,16859,24727,24,1591,41586,12889.674178895877,3969.325821104123,24727
2024-09-29,,16859,24736,24,1591,41595,12892.463749126484,3966.536250873516,24736
